entity,frequency
Ulrich,71612
Eastwood,57408
Clearwater,47572
Greenwood,103911
Longford,10061
Prospect,89133
Providence,249658
Devotion,20995
Kinsale,4486
Starboard,7497
Xenon,18689
Keystone,96813
Helix,34874
Xia Li,475
Jericho,52226
Future Foundation,1760
Quentin Tarantino,26108
Azimuth,5873
Digital Domain,2030
Northwind,5054
Quicksilver,15624
Xalapa,2217
Fair Haven,2846
Urvashi Prasad,10
Northbrook,9393
Stillwater,24792
Xerxes,11062
Kingsley,47659
New Dawn,6265
Grandview,10953
Placid,18619
Celestia,10369
Knighton,8854
New Leaf,5530
Nightingale,40549
Knightly,4119
Fallowfield,2281
Rivercrest,429
Ruby Ridge,3552
Depths,14075
Crestwood,5927
Riverview,15514
Arcanum,3928
Jett,18826
Rosewood,18957
Blackwing,2213
Idlewyld,42
Trellis,5230
Lockwood,34894
Tanglewood,7254
Xander Bogaerts,4173
Ponderosa Pines,464
Verity,14519
Drakestone,28
Westridge,1778
Hearthstone,17139
Starfield,2323
Luminara,683
Zenon,5718
Ravenwood,2227
Shadow Dancer,560
Quasar,11839
Ivory Tower,5133
Newhaven,4551
Pilgrim s Rest,226
Kingwood,4978
Blackrock,10257
Darkwater,826
Nightfall,8278
Quicksilver Messenger Service,1024
Xiaodan Liang,110
Yellow Springs,5441
Xylem,2800
Qiang Li,750
Thanh Nguyen,1454
Whispering Pines,1610
Yesteryear,2476
Palisade,5618
Highspire,341
Joaquin Navarro,317
Dalia Hassan,46
Altamira,5762
Woodmere,2639
Brambleton,401
Briarwood,3165
Midwood,3351
Briarcliff,3487
Maplewood,11687
Ironwood,6674
Silverleaf,942
Lumina Foundation,1005
Georgios Papadopoulos,215
Cimex lectularius,1406
Northshore,4239
Minh Hoang,215
Xanthus,1295
Xanthoria,426
Xana,657
Didelphis virginiana,965
Reverie,5341
Ziona,1212
Xandria,437
Pineridge,331
Intervale,1089
Aquaria,3527
Horizon Dynamics,13
Yellowwood,400
Hearthglen,94
Copperfield,12616
Stormwatch,1178
Ashbourne,3856
Harborview,5855
Nightveil,260
Maplebrook,121
Highland Moor,4
Binh Nguyen,229
Floodplain,2581
Limberlost,606
Firewood,5447
Devil s Backbone,903
Ullswater,1473
Valentin Petrov,70
Crimson Peak,1754
Digital Detox Retreat,8
Timberline,5534
Xorn,474
Hailstone,1015
Windswept,2272
Nkosazana Dlamini,1781
Beyond Boundaries,600
Lotus Lake,181
Vertex Venture,83
Willem Roelofs,50
Northglenn,1458
Greensward,374
Highrock,172
Redwater,940
Akihiko Taniguchi,19
Verdigris,1426
Lone Oak,805
Silvergate,559
Goldengrove,241
Kingsborough,1578
Stanislav Kuznetsov,13
Quinn Gallagher,26
Whisperwind,383
Silverpine,414
Quicksand,4958
Coccothraustes vespertinus,149
Valoria,136
Ewan MacGregor,346
Ravinder Singh,670
Curtis Jackson,1183
Legacy League,154
Everlight,327
World Aquatics Championships,5206
Xyleria,4
Tempest Keep,398
Overbrook,2974
Jiri Svoboda,333
Prime Point,56
Xiao Wei,464
Darkmoor,202
Concord Consortium,130
Avidor,340
Mistwood,182
Crystaline,223
Northhaven,40
Ferngully,302
Thornfield,1215
Bloom Brigade,29
Crystal Falls,695
Quail Run,457
Joon Kim,1064
Deephaven,429
Cynomys ludovicianus,397
Moonwatch,406
Kiran Rao,718
Blue Yonder,1044
Osvaldo Ferrari,19
Silver Summit,164
Harpreet Singh,929
Cephalanthera longifolia,50
Kalinda Sharma,267
Arcane Academy,51
Goldleaf,303
Elderwood,348
Phoenix Point,400
Ravenstone,333
Frostfire Ridge,200
Harmony Hub,360
Havenfield,67
Cybersecurity Summit,299
Blackwind,113
Orangewood,609
Mira Rajput,293
Heartstone,648
Planetary Science Congress,516
Zephyrus,2176
Halfmoon Bay,359
Rosa Mendes,569
Netherwood,476
Easthaven,143
Frontier Fellowship,67
Jie Wang,670
Driftmark,110
Quarrymill,33
Knollwood,1232
Resolution Resources,34
Qi Feng,185
Cygnus olor,615
Celestial Networks,3
Summit Series,1661
Qamar Abbas,41
Eduard Strauss,111
Quivera,140
Florian Mayer,714
Kyr,692
Hiroshi Watanabe,355
The Peony Pavilion,183
Jasleen Kaur,159
Revolution Ridge,5
Xabia,84
Qing Yu,229
Birgit Schmidt,29
Loom Weaving Studio,2
Seastone,477
Pearl Lake,244
Jaxon Thorne,1
Prismatica,40
Foundation Fusion,29
Dejan Stanković,129
Loreley,932
Cresthill,109
Vittorio Rossi,147
Ghostwood,306
Genesis Group,240
Jorvik,1035
Yelena Sokolova,17
Ponderosa Ranch Resort,52
Dragan Čović,114
Ethical Fashion Show,58
Desmognathus fuscus,63
Azure Lake,56
Oasis Springs,126
Jerome Sinclair,353
Hawk s Rest,14
Barrow Hill,373
Chauliodus sloani,53
Zephyria,121
Harrowfield,116
Larkspur Landing,207
Amalia Rodrigues,100
Willowbranch,35
Calamity Cove,5
Frontier Foundations,21
Dendrocygna bicolor,216
Balaeniceps rex,87
Branta sandvicensis,101
Windmere,320
Valentin Popov,17
Indira Banerjee,352
Waleed Khaled,42
Aquila chrysaetos,977
Mayumi Nakamura,23
Greencrest,76
Soaring Society,196
Juniper Ridge,321
Wen Qiang,136
Thunderscape,77
Joost Bakker,102
The Faustian Bargain,91
Blackshore,35
Neptuna,203
Hallowed Halls,135
Black Hollow,92
Cerorhinca monocerata,120
Highstone,72
Apex Apex,222
Keiji Tanaka,116
Keiji Watanabe,6
Wintermere,16
Rosethorn,198
Ocean Oasis,65
Karsten Mueller,47
Thunder Basin,598
Veins of the Earth,116
Umberfield,43
Nexus Network,127
Dinesh Thakur,222
Qi Huan,40
Usha Iyer,58
Xeris,207
Drakewood,11
Thistleglen,6
Urban Utopia,157
Hikaru Sato,167
Evergrove,23
Yaseen Malik,75
Yorkfield,234
Witherfall,39
Highmoor,174
Understone,91
Vertex Pharmaceutical,40
Quoc Trung,47
Uri Feldman,9
Cinderfall,26
Wolfpine,3
Wael Abbas,264
Vertex Ventures,216
Roanoke Ridge,11
Whispering Willows,156
Hakan Çelik,15
Vernalis,403
Calidris maritima,155
Crystal Pier,261
Opaline Dreams,1
Flintrock,86
Hakan Yildirim,4
Paradise Pointe,28
Blackbriar,285
Athina Markopoulou,37
Mirrormere,73
Azure Crest,20
Island Conservation Society,71
Umar Sheikh,75
Cascade Hollow,70
Mariner s Cove,79
Nimbus Ventures,3
Isa Mustafa,209
Jubilee Junction,12
Zhen Sun,51
Starlight Parade,129
Grayhaven,75
Wonder Works,191
Crex crex,302
Oceanwatch,15
Farhaven,127
Partha Ghosh,89
Goldenfield,84
Turquoise Trail,229
Brachylophosaurus canadensis,98
Galaxy Guardians,138
Ingrid Falk,22
Chrysochloris asiatica,83
Yulia Ivanova,66
New Nexus,420
Wildthorn,40
Nikhil Varma,7
Georgi Petrov,50
Yelena Popova,20
Wenjie Huang,23
Moorhaven,23
Haruki Nakamura,343
Highcourt,68
Tamás Balogh,5
Tamir Cohen,81
Twilight Grove,53
Grimhold,40
Moonridge,163
Legacy Link,21
World Gliding Championships,182
Xenith,448
Yavuz Selim,180
Digital Dawn,19
Quiet Oaks,29
Yellowfield,8
Quivering Forest,19
Hollow Winds,5
Inkwood,94
Global Gaia,3
Faisal Qureshi,156
Irondeep,20
Aneela Rahman,7
Mooncrest,130
Campylognathoides liasicus,7
Elvin Ng,101
Adamantia,104
Longhaven,34
Diphyllobothrium latum,437
Rustic Ridge,42
Paolo Ricci,56
Saffron and Silk,11
Hyperion Heights,128
Bjorn Eriksson,60
Wayfarer s Rest,51
Boreal Forest Conservation,22
Fusion Forum,26
Asteroid Mining Corporation,23
Oakenspire,3
Obsidian Bay,12
Everwind,21
Duskhaven,25
Quinn Mallory,143
Melchior Hoffmann,51
Abelardo Montoya,11
Razia Sultana,237
Tadeo Guerrero,2
Sven Larsson,25
Zyr,83
The Forgotten Waltz,87
Emilio Vargas,76
Evergreen Estates,38
Hangman s Tree,92
Utopia United,6
Gareth Llewellyn,148
Xeranthemum,81
Yulia Petrovna,4
Sunblaze,52
Underfall,87
Yellowgrass,14
Crystal Caverns,262
Duskfall,76
Cindersap,18
Hans Greiner,10
Digital Divinity,4
Quiet Forest,23
Cypseloides niger,95
Crimson Network,5
Tempest Bay,58
Gita Mehta,159
Regenerative Medicine Congress,26
Ulyssia,20
Secret Garden Book Club,1
The Last Harvest,78
The Tarnished Crown,20
Kavi Gupta,110
Progress Partners,49
Francesco Costa,68
Wilfredo Torres,220
Botaurus lentiginosus,203
Thornhaven,25
Uwe Krüger,43
Rosefield,368
Windkeep,15
Wrathwood,42
Waseem Amir,8
Vidya Narayanan,37
Diamond Shoal,58
Duskendale,219
Lin Tao,138
Yuriy Fedorov,4
Parminder Gill,25
Cariama cristata,83
Willowstone,23
Verdant Vale,11
Aldertree,61
Umar Faruq,83
Destiny Drive,23
Mateo Serrano,9
Utkarsh Verma,6
Booker Sterling,4
Gilda Ferreira,8
Cobblestone Cove,5
Greta Holst,1
Viraj Shah,47
Blossomfield,43
Ravengate,14
Luminous Lagoon,56
Ulrike Schmidt,98
Amberglen,23
Whispering Canyons,8
Jadelight,103
Halina Kowalska,5
Caius Marcellus,42
Nikolai Zelenko,2
Everspring,159
The World Barista Championship,31
Kingfisher Beach,7
Xiang Huang,81
Olympic Weightlifting Championships,8
Zenithar,91
Maeve Connolly,26
Uriel Katz,4
Marrowstone,197
Legacy Leaders,29
Eerie Hollow,2
Elmswood,71
Fadi Haddad,57
Contemporary Art Biennale,51
Celestial Circle,54
Eastern Watch,63
Ivory Bay,3
Naresh Sehgal,4
Juniper Bay,28
Infinite Isles,15
Blue Beyond,88
Dmitri Antonov,47
Moonfield,11
Lindiwe Mkhize,16
Yasir Akhtar,12
Frostvale,32
Riya Arora,4
Murkwood,63
Varsha Pillai,8
Josue Mendez,16
Sablewood,14
Roshan Patel,41
Soo Min Park,7
Xiaoming Huang,39
Xiaohui Zhao,34
Dušan Petrović,44
Nadia Aziz,24
Chike Obi,63
Sandhya Rao,70
Nightfall Sanctuary,30
Conceptual Core,5
Maple Hollow,29
Arcane Sanctuary,58
Possibility Partners,5
Festival of Indigenous Peoples,2
Stormhold,221
Amberfall,13
Ivory Plains,11
Ludo Martens,46
Ultimate Fitness Challenge,9
Moonbrook,82
Lotus Bay,26
Zoltan Kovács,9
Wizarding Weekend,24
Gilded Vale,35
Oswaldo Cabrera,24
Prairie s Edge,45
Briarbridge,20
Cornelius Van Dyke,8
Gregoria Mendoza,1
Eagle s Perch,21
Crystal Shores,52
Synergy Symphony,3
Sylvan Synergy,1
Union Upland,1
Oceansight,2
Dawnridge,33
Omnitech Robotics,15
Murphy O Connell,30
Oleg Vasilyev,27
Ardenna gravis,118
Acumen Alliance,3
Realm Runners,31
Jewel of the Sea Aquarium,6
Banebridge,15
Fabrizio Bianchi,54
Vandalore,3
Riftwood,13
Gourmet Gala,50
Apex Arc,11
Noriko Takahashi,17
Pearl Haven,15
Nandita Bose,127
Netherbane,20
Zaphyr,32
Synergy Synergy,190
Citadels of the Lost,5
Zephyri,47
Bravestone,96
Nightbloom,26
The Wayward Muse,8
Mistral City,26
Bouldercrest,69
Dawnway,1
Pillar Peak,14
World Cheese Championships,21
Darya Kozlova,2
Solar Surge,21
Serenity Group,14
Ember Isle,54
Lilac Dream,22
Yewwood,8
Hikari Sato,8
Dax Miller,48
Lars Holmberg,38
Noah Carver,14
Pearl Port,9
Taj Malik,27
Zoran Petrović,36
Rhapsody of the Forsaken,3
Pinnacle Pioneers,7
Gossamer Grove,8
Mystic Matrix,2
Larkstone,21
Dreamcatch,8
Einar Gudmundsson,5
Radiant Rays,5
Oriol Soler,12
Rajan Mehta,33
Tomaž Lavrič,4
Oskari Virtanen,1
Lightview,58
Oracle s End,7
Viper s Nest,74
Jewel Basin,44
Zephyr Heights,10
Skywarden,13
Giorgio Conti,10
Zohar Levy,13
Yale Creek,17
Aleksandar Jovanović,49
Vidar Thorsteinsson,5
Netherford,16
Catalyst Corporation,9
Ideal Innovations,35
Aurora Pines,4
Wallace Greer,6
Diego Serrano,62
Northpass,60
Tidewater Town,13
Glimmerglass Opera Company,9
Quailcrest,6
Jaded Jewel,4
Vivek Desai,17
Yasir Qureshi,12
Banehold,5
Synergy Station,3
Xue Ming,91
Xin Yue,106
Nexus Ventures,48
Lalita Chowdhury,1
Ironclad Cove,6
Hunter s Green,35
Min Jun Kim,14
The Philanthropy Roundtable,87
Briar Hollow,52
Wael Nassar,4
Xiu Ying Li,5
Mosaic of Shadows,3
Future Frontiers,45
Qiao Ling,26
Tumblewood,21
Infinite Horizons,108
Dusky Rose,28
Ethereal Edge,5
Grandmasters Chess Tournament,16
Digital Transformation Summit,18
Ctenomys sociabilis,37
Cinclosoma punctatum,23
Coracina novaehollandiae,43
New Nirvana,13
Force Frontier,14
Hany Soliman,11
Moss and Stone,15
Isle of Mists,51
Fringe Film Festival,12
Ethos Energy,5
Coquerel s Sifaka,13
Ruslan Smirnov,1
Quiet Meadow,8
Marek Nowak,23
Jade Cliffs,5
Elite Echo,6
Zephyr Hall,6
Ji hyun Kim,25
Radek Novotný,3
Tidemarsh,5
Bahram Naderi,12
Heron s Rest,9
Prosperity Pioneers,1
Grayfall,2
Vanguard Systems,7
Harsh Mehta,38
Legacy Line,33
Annika Schmidt,13
Keystone Real Estate,14
Haven Hospice Care,6
Northpeak,9
Udayan Joshi,4
Apex Affiliates,1
Marblegate,47
Peak Pinnacle,13
Zephyr Zone,3
Hafsa Mahmood,3
Karsten Juhl,27
Velvet Vale,3
Haruto Suzuki,3
Qadir Hussain,6
Ascension Association,10
Yvan Ducharme,9
Oracle Odyssey,2
Gonzalo Herrero,9
Bhavin Parekh,2
Thistle and Thyme,16
Vivek Narayan,40
Oakshadow,12
Piers Hawthorne,4
Lichgate,20
Qiu Lin,54
Foxbrim,25
Slumbering Giants,2
Volker Schmidt,71
Indigo Waters,7
Whispered Promises,13
Pinnacle Solutions,19
Tenzin Dorji,12
Nebula Network,15
Watchwood,19
The Waning Gibbous,5
Xinyi Chen,47
Underground Music Movement,7
Gisela Müller,28
Driftpoint,1
Frostpine,43
Lantern Hollow,32
Sajid Malik,14
Rivermoor,34
Ironvale,21
Omni Oasis,4
Ironcrest,5
Nucleus Network,41
Enigma Enterprises,9
Kosta Dimitrijević,9
Pearlview,6
Violetwood,7
Coldrun,4
Priya Deshmukh,1
Ivory and Ebony,30
Rajesh Nambiar,9
Avi Goldberg,13
Jacopo Neri,1
Yaron Blum,12
Havencrest,27
Arnaldo Silva,14
Pinnacle Platform,9
Lighthouse Counseling Services,2
Quantum Quest,64
Mehrnaz Azimi,1
Sunita Chaudhary,7
Josip Horvat,17
Oasis Hollow,1
Oskar Vasa,14
Risto Väisänen,4
Carsten Müller,73
Mistmoor,6
Mysterious Masquerade,7
Wanderlust Travel Magazine,26
Hisham Al Farsi,1
Venture Vantage,3
Greenmarrow,2
Oksana Zinchenko,15
Interfaith Dialogue Conference,9
Glorious Gatherings,1
Drums in the Distance,2
Rookstone,8
Dicaeum hirundinaceum,43
Freewheel Bike Shop,9
Luminous Depths,7
Keystone Quarry,3
Summit Saga,15
Nhung Tran,27
Corinna Weber,1
Violet Bay,4
Oasis Eco Resort,6
Yoga and Wellness Retreat,11
Olafur Kristjansson,7
Kisha Grant,2
Manu Chatterjee,5
Lakespring,8
Zodiac Zephyr,4
Midnight Harvest,15
Quail Cove,14
Celestial Circuit,9
Jelena Gavrilovic,18
Orangemoor,4
Grigory Kuznetsov,3
Yonca Kaya,2
Dawnspire,19
Yewfield,24
Carine Leblanc,3
Suncreek,34
Redthorn,32
Laurent Dupont,8
Affinity Alliance,2
Orsolya Tóth,18
Ethereal Empire,3
Chlamyphorus truncatus,47
Foxglenn,25
Nautical Nook,4
Sterling Society,28
Luc Dupont,14
Jagdish Narayan,33
Yannick Boucher,12
Heba Nassar,4
Siniša Lukić,1
Daliah Weiss,13
Echo of Eternity,25
Wanderwood,11
Catalyst Core,20
Wildhaven,25
Dragos Popescu,4
Deep Harbor,40
Rimegate,12
Infinite Insight,6
Whiteridge,18
Halcyon Holdings,6
Zenith Peak,8
Icewind Pass,23
Quirino Mancini,4
Fidel Navarrete,2
Heritage Horizon,7
Sundown Serenade,2
Vincenza Amato,4
Excalibur Medieval Tournament,2
Ember Enterprises,1
Rivenstone,10
Soren Dahl,6
Batrachylodes vertebralis,1
Dynasty Division,2
Reika Hashimoto,16
Agate Harbor,6
Naveen Prakash,22
Wildlife Photography Exhibition,8
Obsidian Outpost,1
Youssef Farhat,7
Olga Savina,2
Festival of Illumination,2
Ravenrock,18
Summit Stream,8
Pilar Herrero,14
Quartz Quadrant,12
Phoenix Alliance,19
Balint Farkas,8
Nightingale Square,27
Izabela Wójcik,3
Emberwood,9
Gloria Cortes,7
Emberfall,32
The Fiddler’s Green,5
Elysian Plains,15
Blackhawk Tactical Gear,2
Fawndale,35
Owen MacKenzie,8
Velvet Moonlight,2
Whispers of the Past,15
Krishna Balakrishnan,4
Harvest’s Bounty,2
Ingrid Halvorsen,6
Zenith Heights,7
Frostville,16
Kaito Tanaka,2
Xiulan Hu,3
Julius Kabwe,1
Padraig Byrne,8
Humanitarian Aid and Development Conference,12
Prosperity Point,10
Olav Jensen,15
Deep Dive Development,2
Cornerstone Creations,15
Rhian Mathis,1
Ironhall,26
Nenad Marinković,11
Zellandine,19
The Lavender Labyrinth,4
Victory Vanguard,9
Lavender Vale,6
Gull s Nest,19
Goran Milić,19
Paola Conti,6
Vasco Pereira,24
Ideal Impact,5
Vadim Yankov,3
Mistwater,4
Knollview,20
New Dawn Technologies,17
Julieta Castro,1
Brinstone,15
Uriel Mendez,1
Lucija Horvat,7
Thundertop,2
Cinzia Rossi,2
Juniper Hollow,13
Paradox Paragon,2
Insight Engineers,5
Ivory Isle,4
Ozan Güler,1
Maksym Panchenko,4
Tidebreak,5
Arman Kazemi,8
Emberfoot,15
Witherwood,27
Digital Dreamscape,3
Kite’s Nest,12
Glimmerbrook,15
Valiant Vision,8
Katarzyna Jabłońska,2
Xiulan Zhao,9
Amberglow,22
Prime Principle,15
Limestone Bay,21
Perilous Dreams,8
Cindercliff,3
The Empyrean Crucible,2
Abu Bakr Said,6
Elderfall,2
Vantoria,5
Ioannis Papas,1
Tanglethorn,11
Quynh Le,26
Una Sinclair,2
Aspire Alliance,4
Rosefell,2
Nova Nexus,4
Preeti Sinha,12
Thought Tide,2
Sepia Serenade,3
Isra Ali,10
Parchwood,3
Chimera Biotech,3
Thalia Mendoza,1
Oleksandr Kovalenko,13
Aleksander Novikov,2
Arborimus pomo,8
The Indigo Hour,1
Fallkeep,4
Hannes Bergstrom,2
Edge Sports Performance,5
Willem Dijkstra,3
Tempest Isle,8
Willowmoor,9
Ethos Empire,1
Vito Mazza,7
Abiola Adeyemi,7
International Underwater Film Festival,8
Anastasia Sokolov,5
Cardinal Compass,7
Xander de Vries,5
Bitterbreeze,1
Oracle Oasis,2
Carlo Mazzini,8
Celestial Seas,9
Einar Þorsteinsson,4
Iago Varela,1
Danilo Ribeiro,3
Echoes of a Gilded Age,1
Omnia Odyssey,1
Tranquility Trails,3
Pike s Hollow,4
Haven Holdings,7
Nightingale Medical Supplies,1
Yvonne Dubois,3
Fulton Reid,14
Lluís Ferrer,4
Quickwater,18
Hye jin Park,8
Marshlight,15
Eliora Katz,10
Impact Imperative,3
Kingfisher Reach,1
Darnell Booker,7
Fine Arts and Antiques Fair,3
Canon Collective,10
Ramiro Guzman,9
Nia Davenport,2
Magdalena Nowicka,12
Quantum Computing Conference,5
Spectrum Sphere,4
Crow s Point,13
Zephyr Bay,8
Virtue Ventures,5
Haruto Watanabe,4
Meadow s End,3
Genesis Guild,3
Fiona McRae,5
Ioannis Minas,2
Noble Nomads,1
Fábio Barros,3
Thistlemoor,5
Blackmire Swamp,1
Flourish Foundation,10
Havenstead,8
Peacewood,6
Roxana Moldovan,1
Mystic Mire,1
Paradigm Pioneers,4
Sapphire Sands,2
Iesha Johnson,6
Khalida Bibi,18
Ksenia Frolova,2
New Shimmer,23
Black Haven,15
Vanguard Vision,5
Grimmhold,1
Anchorwatch,6
Demir Özkan,3
Geeta Banerjee,2
Gregor Schmid,21
Konrad Weber,10
Joakim Lundberg,5
Elif Tekin,12
Paragon Paradox,2
Gravity Designs,2
Shattered Cliff,2
Capito aurovirens,8
Silken Skies,1
Pearlshore,1
Nova Nomads,5
Midsummer Meadow,18
Oasis Operations,1
Pineshadow,6
Ugo Bonfante,1
Palewind,5
Nightingale Nests,4
Paradox Partnership,3
Hakan Özdemir,6
Knightridge,15
Tempo Tech,4
Global Grace,13
Hamid Alavi,12
Enchanted Evening Gala,2
Cemal Yılmaz,11
Shaheen Malik,3
Kingsfell,4
Valente Sandoval,3
Incense and Iron,1
Sören Bergqvist,2
The Mandolin Chronicles,4
Influence Initiative,6
Hearthfire Haven,1
Ethos Enterprises,2
Silver Sonata,1
Zombie Survival Experience,6
Pillar Partners,6
Ulises Guerrero,2
Apex Alliance,6
Umberwood,6
Purushottam Joshi,6
Cinderwood,6
Oswaldo Jiménez,2
Ivory Falls,2
The World Body Painting Festival,3
Meiying Zhang,6
Prosperity Pillars,1
Magnitude Matrix,2
Małgorzata Skowron,1
Jubilee Jazz Festival,2
Naveen Prabhu,5
Navid Farahani,5
Elize Du Toit,11
Drakenwood,1
Infinity Initiative,2
Hollowfield,8
Rasmus Jørgensen,5
Usman Amir,3
Gilded Ghosts,1
Giovanna Monti,1
Vaughan Pryce,4
Cobblecrest,1
Fusion Dance Studio,4
Ortal Cohen,2
Visionary Ventures,8
Tadeo García,5
Upland Moor,1
The Scrying Pool,12
Yellowmarsh,2
Elysium Plains,2
Fashion Technology Forum,4
Varun Mehrotra,2
Metin Aydin,7
Klara Ziegler,4
Gloomridge,1
Zipline Adventure Park,10
Lighthouse League,2
Pinar Cetin,2
Altitude Associates,1
Oracle Operations,3
Rustam Akhmedov,6
Infinity Insight,2
Philippe Giroux,4
Wispwood,9
Niazi Mustafa,6
Brigitte Faure,2
Velvet Rhapsody,2
Yondershire,6
Moira Bannister,1
Dimitra Georgiou,3
Ioana Enescu,2
The Saffron Trail,9
Ascent Associates,1
Unbound Book Club,1
Elderpeak,2
The Sunrise Serenade,2
Radiant Realm,5
Cascade Hydro Power,1
Aminata Diouf,5
Harrow Haven,3
Raoul Valencia,1
Halfmoon Harbor,2
Pinnacle Bluff,3
Wentworth Pierce,3
Cardinal Covenant,4
Ingeborg Kuhn,1
Quiet Grove,5
Serenity Sphere,2
Preeti Venkatesh,1
Firat Demir,9
International Modern Dance Competition,3
Milan Stevanović,3
Wave Rider Surf School,1
Luminous Legacies,2
Ethos Ensemble,1
Forgotten Alcoves,2
Giovanna Ricci,4
Sunita Banerjee,3
Undervale,6
Forlorn Bluff,1
Whirlwind Point,1
Elodie Blanchet,1
Vortex Ventures,1
Dewcrest,3
Emanuel Rojas,3
Tamsin Leigh,1
Kato Tanabe,5
Una Gallagher,2
Blockchain Unchained Conference,1
Amrita Anand,2
Darian Broussard,1
Dawn s End,3
PocketScan Mobile Scanner,1
Prism Bay,2
Farida Mostafa,2
Ironhaven,2
Valorwind,4
Sequoia Serenity,1
Yegor Romanov,1
Solange Boucher,2
Osiris Orbit,1
The Ivory Chalice,1
Beryl Beach,1
Jaded Jungle,1
Wyvernsting,2
Summit Synergy,6
Priyanka Naik,8
Matrix Maverick,4
Fawnhaven,2
Genoveva Castillo,2
Polaris Projects,4
Ulrika Svensson,6
Wojciech Staszewski,3
Jasper Ho,6
Dusan Sokolov,1
Ernst Altmann,1
Paramount Partnership,1
International Jazz Jamboree,4
Halo Haven,4
Haldor Nielsen,1
Hyperloop Transportation Tech,3
Yonder Yard,1
Nightingale’s Sonata,5
Zephyr Vale,1
Featherglen,1
Ethereal Enterprises,1
Priya Dubey,9
Yujin Lim,3
E Sports World Championship,4
Yellowstone Springs,3
Shadia Mahmoud,2
Future Forge,3
Pure Paragon,2
Ethereal Echo,1
Mae Sommers,3
Chiara Ferrante,2
Uzma Batool,1
Jeb McNamara,1
Gilded Gardens,2
The Brigand’s Lament,1
Thea Olsen,1
Dmitriy Volkov,2
Rashid Al Amin,6
Gryphonwing,2
Yuletide Yard,1
The Atrium of Time,1
Xochitl Rios,1
Pantheon Partners,3
Retro Gaming Festival,1
Nebula Nexus,1
Matías Herrera,1
Flicker Film Society,3
Woodrook,1
Frostgard,6
Afreen Malik,1
Ursula Hahn,2
Sentinel Synergy,3
Ulf Hedberg,12
Caravan Travel Agency,1
Core Systems Engineering,1
Ffion Hughes,3
Unity Unions,1
Starlight Planetarium,1
Soren Vang,2
Quantum Quadrant,2
Glacial Gorge,1
Felicity Field,3
Wim Van Dijk,1
Summit Seekers,3
Ethereal Energy,5
Ibtisam Mahfouz,1
Tariq Bahar,1
Chronos Consulting,4
A Melody of Rain,1
Cosimo Bellini,1
Yolanda Pineda,4
Krithika Suresh,2
The Winter s Veil,1
Perennial Partners,4
Pia Møller,7
Alabaster Bay,4
Galia Ivanova,3
Jannik Schröder,1
Meridian Masters,1
Caio de Oliveira,1
Mindfulness and Meditation Summit,1
Tinshire,1
Neville Stocker,2
Giancarlo Locatelli,2
Lennart Vogel,1
Lowell Garrison,4
Naima Said,3
Priyamvada Joshi,1
Rivers of the Sky,1
Olena Kucher,1
The Amber Anthem,1
Geneviève Renaud,2
Blue Heron Environmental,5
Greenwood Glade,1
Qiuyue Wang,6
Bridget Corrigan,4
Jovan Kostić,1
Gatekeeper Guild,1
Seraphina Bright,1
Dalia Soliman,1
The Willow Waltz,1
Cordell Booker,1
Xolani Zwane,1
Xiu Mei Lin,1
Oracle Orbit,1
Raisa Ivanova,1
Voix de Ville Variety Show,1
Firefly Firth,1
Verity Prince,3
Blackguard Beach,1
Xiaofan Zhu,6
Silverstand,1
Bartlomiej Nowak,2
Cobalt Bay,2
Acme Robotics,2
Cryptocurrency and Blockchain Summit,1
Inspire Intuition,1
Platinum Strategies,1
Ironpeak,2
Bravo Battalion,7
Tranquil Tides,3
Mariel Berger,4
Maree O Reilly,1
Stellamaris star,1
Prime Pantheon,1
Wildercrest,3
Thornbrush,1
Quarry Quarter,1
Nazli Can,1
Graywarden,1
Damir Novosel,2
Bindiya Shah,1
The Big Drone Show,3
Impact Infinity,2
Nimbus Weather Research,2
Terra Tactics,2
Anmol Kapoor,4
Balance Brigade,1
Infinite Iterations,1
Luan de Souza,1
Leandro Rossi,4
Aurora Alliance,4
Jademire,1
Triumph Trio,1
Elunia,5
Radiant Review,4
Cosmina Enescu,1
Digital Nomad Summit,2
Lovelorn Ballad,1
Stellar Synergy,1
PureVision Contact Lenses,1
Yasmin Ferreira,1
Tempest Terrace,1
Monolith Management,1
Emrah Yücel,3
Carsten Falkenberg,2
Aarav Patil,1
Katerina Petrov,3
Jagdish Varma,3
Marisol Cuevas,1
Kragstone,2
Grishma Patel,1
Wavelength Entertainment,1
Loamstead,1
Viridale,1
Lotus Landing,1
Fusion Fellowship,2
Olena Savchuk,1
The Solstice Globe,1
Ansel Boone,1
Keynote Speakers Bureau,1
Zenith Zen,1
LaserTrim,1
Tasnim Chowdhury,1
Soar Society,1
Zeina Abbas,1
Uma Krishnamurthy,2
International Robotics Olympiad,3
Jolanta Wisniewski,1
Prodigy Partners,4
Hugo Strickland,1
Payal Thakur,1
Zaki Marwan,1
Amelie Fontaine,1
Ironmarsh,1
Terraheim,2
Aarav Patel,1
Terra Triumph,1
Ximena Soto,4
Harrowmount,2
Winter s Cloak,1
Pulsar Partners,3
The Tempest’s Roar,2
Iniobong Ekanem,1
Palewood,1
Swift Courier Services,1
Branislav Kovač,1
Drakefjord,2
Lorelei Schmidt,1
Faizan Qadri,1
Crystalshore,1
Alba Cortés,1
Sylvan Sanctuary,1
The Shattered Visage,1
Polar Bear Preservation,2
Ebonmire,1
Legacy Latitude,1
Vargash,1
Christelle Dubois,2
Umber Vale,1
The Adamant Heart,1
Thando Maseko,2
Velocity Racing League,1
Silver Sanctum,2
Paladin Projects,1
Windward Sailing School,1
Neptune Fisheries,1
Uday Prasad,2
Willa Chester,1
Maite Ayala,1
Tenacity Team,2
Yewbark,1
Sustainable Living Exhibition,2
Oriana Vasquez,2
Jovan Aleksic,1
Qasim Raja,1
Waheed Rahman,1
Imani Nkosi,1
Lunar Legacy Launch,1
The Ivory Scroll,1
Zephyrline,1
Fyodor Mikhailov,2
Yellow Submarine Innovations,1
Vilhelm Magnusson,1
Stonemarrow,1
Alpine Alliance,1
Meadowbrook Equestrian Center,1
Apex Array,2
The Model United Nations Assembly,1
Apex Axiom,1
Lotus Yoga Retreats,1
Victory Sports Management,1
Penina Cohen,2
Cascade Collective,1
Sync Synergy,1
Itsuki Kurosawa,1
Aurorascape,1
Zastrava,2
Darina Popova,1
Eastpine,1
Ishaan Rai,1
SkyHigh Aerial Photography,1
Hermitage Harbor,1
Zephyr s Reach,1
Zephyrmoor,1
Claudio Montoya,1
Peony Bridal Couture,1
Jade Reach,1
Helix Horizon,1
Axiom Associates,1
Autumn Harmony Festival,1
Redpeak,1
Yellowfin Tuna Research,1
Optima Oasis,1
Radiant Rise,1
Anatoliy Gavrilov,1
Aurora Borealis Observatory,1
Femi Okafor,1
Joost Van den Bosch,1
BareSkin Beach Towel,1
Orlando Ferrara,1
Eventide Enclave,1
Crescent Creations,1
Kalina Dimitrova,1
Desert Calligraphy,1
Ishan Deshmukh,1
Jamal Fakhoury,1
Hisako Fujimoto,1
Wildlife Documentary Film Festival,1
Forge Frontier,1
Hollowoak,1
Oar s Rest,2
Forsaken Archives,1
Flare Solar Power,1
Yellowrock Canyon,1
Olek Nowak,1
Youssef Amir,1
Nakul Bhatt,1
Shoshana Levi,1
Optima Organization,1
Ilyas Sadiq,1
Dynamo Division,1
Vision s End,1
Noble Nexus,1
Ironwood Isle,1
Blythe Davenport,1
Zenon Kowalski,2
Aetherstone,1
Xiaoping Feng,1
Yorgrave,1
Onyx Beach,2
Zofia Kowalczyk,1
Silverline Services,1
Pinefall,2
Faiza Qureshi,1
Cardinal Connections,1
Pinnacle Prism,1
Geode Guild,1
Amethyst Harbor,1
Obsidian Bluff,1
Kwame Atta,1
Medieval Fantasy Festival,1
Utopia Plains,1
Yohannes Girma,1
The Enchanted Forest Book Fair,1
Omega Ops,1
Lenka Nováková,1
Anika Bhatnagar,1
Beatrix Lang,1
Cecilio Vega,1
Gales of Fortune,1
